,is_phishing,blacklist,is_ipaddress,is_at,multi_domain,url_length,yg_domain,bad_cookie,foreign_links,mismatch_favi,no_dns,bad_ssl
0,1,0,0,0,0,1,0,0,0,0,0,1
1,1,0,0,0,0,1,1,0,0,1,0,1
2,1,0,0,0,0,1,0,0,1,0,0,1
3,1,0,0,1,0,1,0,0,0,0,0,1
4,1,0,0,0,0,0,1,0,0,0,0,1
5,1,0,0,0,0,0,0,0,0,1,1,1
6,1,0,0,0,0,1,0,0,0,1,0,1
7,1,0,0,0,0,1,0,0,1,0,0,1
8,1,0,0,0,1,1,0,0,0,1,0,1
9,1,0,0,0,0,0,0,0,1,0,0,0
10,1,0,0,0,0,0,0,0,1,1,0,0
11,1,0,0,1,1,1,0,0,0,0,0,1
12,1,0,0,0,1,0,0,0,0,0,0,0
13,1,0,0,0,0,0,0,0,0,1,0,1
14,1,0,0,0,1,1,0,0,1,1,0,1
15,1,0,0,0,0,0,0,0,1,1,0,1
16,1,0,0,0,0,1,0,0,0,1,0,1
17,1,0,0,0,0,0,0,0,0,1,1,1
18,1,0,0,0,0,0,0,0,1,1,0,1
19,1,0,0,0,0,1,0,0,0,1,1,1
20,1,0,0,0,0,1,0,0,0,1,0,1
21,1,0,0,0,0,0,0,0,0,0,0,1
22,1,0,0,0,0,1,0,0,0,0,0,1
23,1,0,0,0,1,0,1,0,0,1,1,1
24,1,0,0,0,0,0,1,0,0,0,0,1
25,1,0,0,0,0,0,0,0,0,1,0,1
26,1,0,0,0,1,0,0,0,0,0,0,0
27,1,0,0,0,0,0,1,0,0,1,0,0
28,1,0,0,0,1,0,0,0,0,0,0,0
29,1,0,0,0,0,1,0,1,1,0,0,1
30,1,0,0,0,0,0,0,0,1,1,0,0
31,1,0,0,0,0,0,0,0,0,1,0,1
32,1,0,0,0,0,1,0,0,0,0,0,1
33,1,0,0,0,0,0,1,0,0,0,0,1
34,1,0,0,0,0,0,0,0,0,1,0,1
35,1,1,0,0,0,1,0,0,0,1,0,1
36,1,0,0,0,1,0,0,0,0,0,0,0
37,1,0,0,0,0,0,0,0,0,1,0,1
38,1,0,0,0,0,1,0,0,0,1,1,1
39,1,0,0,0,0,0,0,0,0,0,0,1
40,1,0,0,0,0,0,0,0,0,0,0,1
41,1,0,0,0,0,0,0,0,1,0,0,1
42,1,0,0,0,0,0,0,1,1,0,0,1
43,1,0,0,1,1,1,0,0,0,0,0,1
44,1,0,0,0,0,1,0,0,0,0,0,1
45,1,0,0,0,0,1,0,0,0,1,1,1
46,1,0,0,0,1,0,1,0,0,1,0,0
47,1,0,0,0,0,0,1,0,0,1,0,0
48,1,0,0,0,1,0,1,0,0,1,0,0
49,1,0,0,0,0,0,0,0,0,0,0,1
50,1,0,0,0,0,0,0,1,1,0,0,1
51,1,0,0,0,0,1,0,0,0,1,0,1
52,1,0,0,0,0,1,0,0,0,0,0,1
53,1,0,0,0,0,0,0,1,1,1,0,1
54,1,0,0,0,0,1,0,0,0,0,0,1
55,1,0,0,0,1,0,0,0,0,0,0,1
56,1,0,0,1,0,1,0,0,1,0,1,1
57,1,0,0,0,0,0,0,0,0,0,0,1
58,1,0,0,0,0,1,0,0,0,1,0,1
59,1,0,0,0,1,0,0,0,0,0,0,0
60,1,0,0,0,1,0,0,0,0,0,0,0
61,1,0,0,0,0,0,0,0,1,0,0,1
62,1,0,0,0,1,0,0,0,0,0,0,0
63,1,0,0,0,0,0,0,0,0,0,0,1
64,1,0,0,0,0,0,0,0,0,1,0,0
65,1,0,0,0,1,0,0,0,0,0,0,0
66,1,0,0,0,1,0,0,0,0,0,0,0
67,1,0,0,0,0,0,0,0,0,1,0,1
68,1,0,0,0,0,0,0,0,0,0,0,1
69,1,0,0,0,1,1,0,0,0,1,0,1
70,1,0,0,0,0,0,0,0,0,0,0,1
71,1,0,0,0,1,1,0,0,0,1,0,1
72,1,0,0,0,0,0,0,0,1,1,0,0
73,1,0,0,0,0,0,0,0,1,1,0,0
74,1,0,0,0,0,0,0,0,0,0,0,1
75,1,0,0,0,1,0,0,0,0,0,0,0
76,1,0,0,0,0,0,0,0,0,1,0,1
77,1,0,0,0,0,1,0,0,0,1,0,1
78,1,0,0,0,0,0,1,0,1,0,0,1
79,1,0,0,0,1,1,0,0,0,1,0,1
80,1,0,0,0,0,0,0,0,0,0,0,1
81,1,0,0,0,0,0,0,0,0,0,0,1
82,1,0,0,0,1,0,0,0,1,0,0,0
83,1,0,0,0,0,0,0,0,0,1,0,1
84,1,0,0,0,0,0,1,0,1,1,0,1
85,1,0,0,0,0,0,0,0,0,1,0,1
86,1,0,0,0,1,0,0,0,0,0,0,0
87,1,0,0,0,0,0,1,0,0,1,0,1
88,1,0,0,0,0,0,0,0,0,0,0,1
89,1,0,0,0,0,0,0,0,0,0,0,1
90,1,0,0,0,0,0,0,0,1,1,0,1
91,1,0,0,0,0,0,0,0,1,1,0,1
92,1,0,0,0,1,1,0,0,0,1,0,1
93,1,0,0,0,0,1,0,1,1,0,0,1
94,1,0,0,0,1,0,0,0,0,1,1,1
95,1,0,1,0,1,1,0,0,0,1,1,1
96,1,0,0,0,0,0,0,0,0,1,0,1
97,1,0,0,1,0,1,0,0,0,1,0,1
98,1,0,0,1,0,1,0,0,0,1,0,1
99,1,0,0,0,0,0,0,0,0,0,0,1
100,1,0,0,0,0,0,1,0,0,0,0,1
101,1,0,0,0,0,0,0,0,0,1,0,1
102,1,0,0,0,0,0,0,0,0,0,0,1
103,1,0,0,0,0,1,0,1,0,1,1,1
104,1,0,0,0,0,0,0,0,0,0,0,1
105,1,0,0,0,0,0,0,0,0,1,0,0
106,1,0,0,0,0,0,1,0,0,1,0,0
107,1,0,0,0,0,0,0,0,0,0,0,1
108,1,0,0,0,0,0,1,0,0,1,1,0
109,1,0,0,0,0,0,0,0,0,1,1,1
110,1,0,0,0,0,0,0,0,0,1,1,1
111,1,0,0,0,0,0,0,0,1,1,0,1
112,1,0,0,0,0,0,0,0,1,1,0,0
113,1,0,0,1,1,1,0,0,0,1,0,1
114,1,0,0,0,0,0,0,1,0,0,0,1
115,1,0,0,0,0,1,0,0,0,0,0,1
116,1,0,0,0,0,0,0,0,1,1,0,1
117,1,0,0,0,0,1,0,0,0,0,0,1
118,1,0,0,0,0,0,0,0,1,1,0,1
119,1,0,0,0,1,1,0,0,0,0,1,1
120,1,0,0,0,0,0,0,0,1,0,0,1
121,1,0,0,0,0,0,0,0,0,0,0,1
122,1,0,0,0,0,0,0,0,1,1,0,1
123,1,0,0,0,0,1,0,0,0,0,0,1
124,1,0,0,0,0,1,0,0,0,1,0,1
125,1,0,0,0,0,0,0,0,0,1,0,0
126,1,0,0,0,0,0,0,0,0,0,0,0
127,1,0,0,0,0,0,0,0,1,0,0,1
128,1,0,0,0,1,0,0,0,0,0,0,0
129,1,0,0,0,1,1,0,0,1,1,0,1
130,1,0,0,0,1,0,0,0,0,0,0,0
131,1,0,1,0,0,0,0,0,0,1,0,1
132,1,0,0,0,0,0,0,0,0,0,0,1
133,1,0,0,0,0,0,0,0,0,1,0,1
134,1,0,0,0,0,0,0,0,1,0,0,0
135,1,1,0,0,0,0,0,0,0,1,0,1
136,1,0,0,0,0,0,0,0,0,1,0,1
137,1,0,0,0,1,1,0,0,0,0,0,1
138,1,0,0,0,1,0,0,0,0,0,0,0
139,1,0,0,0,0,0,0,0,1,0,0,1
140,1,0,0,0,0,1,0,0,0,0,0,1
141,1,0,0,0,0,1,0,0,1,0,0,1
142,1,0,0,0,0,0,0,0,0,0,0,1
143,1,0,0,0,1,0,0,0,0,1,0,1
144,1,0,0,0,0,1,1,0,1,1,0,1
145,1,0,0,0,1,0,0,0,0,1,0,1
146,1,0,0,0,0,0,0,0,1,0,0,0
147,1,0,0,0,0,0,0,0,0,1,0,1
148,1,0,0,1,1,1,0,0,0,0,0,1
149,1,0,0,0,0,0,1,0,0,1,1,1
150,1,0,0,0,0,1,1,0,0,1,0,1
151,1,0,0,0,0,0,0,0,0,1,0,0
152,1,0,0,0,0,1,0,0,0,1,0,1
153,1,0,0,0,0,1,0,0,0,0,0,1
154,1,0,0,0,0,1,0,0,0,1,0,1
155,1,0,0,0,0,0,1,0,1,1,1,0
156,1,0,0,0,0,0,0,0,0,1,0,1
157,1,0,0,0,0,1,0,0,1,1,0,1
158,1,0,0,0,0,0,0,0,0,1,0,0
159,1,0,0,0,1,0,0,0,0,0,0,0
160,1,0,0,0,0,0,0,1,1,0,0,1
161,1,0,0,0,0,0,0,0,1,0,0,0
162,1,0,0,0,0,0,0,0,0,1,0,0
163,1,0,0,0,1,1,0,0,1,1,0,1
164,1,0,0,0,0,0,0,0,0,0,0,0
165,1,0,0,0,0,0,0,0,1,0,0,1
166,1,0,0,0,0,1,0,0,0,1,0,1
167,1,1,0,0,0,0,0,0,0,1,0,0
168,1,0,0,0,0,0,0,0,1,1,0,1
169,1,0,0,0,0,0,0,0,0,0,0,1
170,1,0,0,0,1,0,0,0,0,0,0,0
171,1,0,0,0,0,0,1,0,0,0,0,1
172,1,0,0,0,0,0,0,0,0,1,0,1
173,1,0,0,0,1,1,0,0,1,0,0,1
174,1,0,0,0,0,0,0,0,0,0,0,1
175,1,0,0,0,1,0,0,0,0,1,0,0
176,1,0,0,0,0,0,0,0,1,1,0,1
177,1,1,0,0,0,0,0,0,1,0,0,1
178,1,0,0,1,1,1,0,0,0,1,0,1
179,1,0,0,0,0,0,0,0,1,0,0,1
180,1,0,0,0,1,0,1,0,0,1,0,0
181,1,0,0,0,0,0,0,0,0,0,0,1
182,1,0,0,0,1,0,1,0,0,1,0,0
183,1,0,0,0,0,0,0,0,0,0,0,0
184,1,0,0,0,0,0,0,0,0,0,0,1
185,1,0,0,0,1,0,0,0,0,0,0,0
186,1,0,0,0,0,0,0,0,0,1,0,1
187,1,0,0,0,0,1,0,1,1,0,0,1
188,1,0,0,0,0,1,0,0,1,1,0,1
189,1,0,0,0,0,0,0,0,0,1,0,1
190,1,0,0,0,1,1,0,0,1,1,0,1
191,1,0,1,0,0,0,0,0,0,1,0,1
192,1,0,0,0,0,0,1,0,1,1,0,0
193,1,0,0,0,1,0,0,0,0,0,0,0
194,1,0,0,0,0,0,0,0,0,1,0,0
195,1,0,0,0,0,0,1,0,0,0,0,1
196,1,0,0,0,1,1,1,0,1,1,0,1
197,1,0,0,0,0,0,1,0,0,1,1,1
198,1,0,0,0,1,0,0,0,0,0,0,0
199,1,0,0,0,0,0,0,0,0,1,0,1
200,1,0,0,0,0,1,0,0,0,1,0,1
201,1,0,0,0,0,1,0,0,1,1,0,1
202,1,0,0,0,0,0,0,0,0,0,0,0
203,1,0,0,0,0,0,0,0,0,1,0,1
204,1,0,0,0,1,0,0,0,0,0,0,0
205,1,0,0,0,0,0,1,0,0,1,0,1
206,1,0,0,0,0,0,1,0,0,1,0,0
207,1,0,0,0,1,0,0,0,0,0,0,0
208,1,0,0,0,0,0,0,0,1,1,0,0
209,1,0,0,0,1,0,0,0,0,1,0,1
210,1,0,0,0,0,0,0,0,0,0,0,0
211,1,0,0,0,0,1,0,0,1,1,0,1
212,1,0,0,0,0,0,0,0,0,1,0,1
213,1,0,0,0,0,0,0,1,0,0,0,1
214,1,0,0,0,1,0,0,0,0,0,0,0
215,1,0,0,0,0,1,0,0,0,0,0,1
216,1,0,0,0,0,0,0,0,1,1,0,0
217,1,0,0,0,0,0,0,0,0,1,0,0
218,1,0,0,0,0,0,0,0,0,1,0,0
219,1,0,0,0,0,0,0,0,0,1,0,1
220,1,0,0,0,0,1,0,0,0,0,0,1
221,1,0,0,0,0,0,0,0,1,1,0,1
222,1,0,0,0,0,0,0,0,0,1,0,1
223,1,0,0,0,0,0,0,0,0,1,0,1
224,1,0,0,0,0,0,1,0,0,1,0,0
225,1,0,0,0,1,1,0,0,1,0,0,1
226,1,0,0,0,0,0,0,0,0,1,0,1
227,1,0,0,0,1,0,1,0,0,1,0,0
228,1,0,0,0,0,1,0,0,0,1,0,1
229,1,0,0,0,0,0,0,0,1,0,0,1
230,1,0,0,0,0,0,0,0,0,0,0,1
231,1,0,0,0,0,0,0,0,0,1,0,1
232,1,0,0,0,0,0,0,0,0,1,0,1
233,1,0,0,0,1,0,0,0,0,0,0,0
234,1,0,0,0,0,0,1,0,0,0,0,0
235,1,0,0,0,0,1,0,0,0,0,0,1
236,1,0,0,0,0,0,0,0,0,1,0,1
237,1,0,0,1,0,0,0,0,0,1,0,1
238,1,0,0,0,0,1,0,0,0,0,0,1
239,1,0,0,0,0,0,0,0,0,1,1,0
240,1,0,0,0,0,1,0,0,0,0,0,1
241,1,0,0,0,0,0,0,0,0,1,0,1
242,1,0,0,0,0,0,0,0,0,1,0,1
243,1,0,0,0,1,1,0,0,1,1,1,1
244,1,0,0,0,0,1,0,0,0,1,0,1
245,1,0,0,0,0,0,0,0,1,1,0,0
246,1,0,0,0,0,0,0,0,1,0,0,1
247,1,0,0,0,1,0,0,0,0,0,0,0
248,1,0,0,0,1,1,0,0,0,0,0,0
249,1,0,0,0,1,0,0,0,0,0,0,1
250,1,0,0,0,0,0,0,0,0,1,1,1
251,1,0,0,0,0,1,0,0,1,0,0,1
252,1,0,0,0,0,1,0,1,1,0,0,1
253,1,0,0,0,1,1,0,0,0,1,0,1
254,1,0,0,0,0,1,0,0,1,1,1,1
255,1,0,0,0,0,0,0,1,1,0,0,1
256,1,0,0,1,0,1,0,0,0,0,0,1
257,1,0,0,0,1,0,0,0,0,1,1,0
258,1,0,0,0,0,0,0,0,0,1,0,1
259,1,0,0,0,0,0,1,0,1,1,0,1
260,1,0,0,0,0,0,0,0,0,1,0,0
261,1,0,0,0,0,0,0,0,1,0,0,1
262,1,0,0,0,0,0,0,0,0,1,0,1
263,1,0,0,0,0,0,0,0,1,0,1,0
264,1,0,0,1,1,0,0,0,0,1,0,1
265,1,0,0,0,0,0,0,0,1,1,0,1
266,1,0,1,0,0,0,0,0,0,1,0,1
267,1,0,0,0,0,0,0,0,0,0,0,0
268,1,0,0,0,0,1,0,0,0,1,1,1
269,1,0,0,1,0,0,0,0,0,0,0,1
270,1,0,0,0,0,0,1,0,0,1,0,0
271,1,0,0,0,0,1,0,0,0,1,1,1
272,1,0,0,0,0,0,0,0,0,1,0,1
273,1,0,0,0,0,1,1,0,0,0,0,1
274,1,0,0,1,1,1,0,0,0,0,0,1
275,1,0,0,0,1,0,0,0,0,0,0,0
276,1,0,0,0,0,0,0,0,1,1,0,1
277,1,0,0,0,0,0,0,0,0,1,0,1
278,1,0,0,0,0,0,0,0,0,0,0,1
279,1,0,0,0,0,0,0,0,1,0,0,1
280,1,0,0,0,0,0,0,0,1,0,0,1
281,1,0,0,0,0,0,0,0,0,1,0,1
282,1,0,0,0,1,0,0,0,0,0,0,0
283,1,0,0,0,1,1,0,0,1,0,0,1
284,1,0,0,0,1,0,0,0,0,0,0,0
285,1,0,0,0,0,0,1,0,0,1,0,0
286,1,0,0,0,0,0,0,0,0,1,0,1
287,1,0,0,0,0,1,0,0,1,1,1,1
288,1,0,0,0,0,0,0,0,0,0,0,1
289,1,0,0,0,0,1,0,0,0,1,0,1
290,1,0,0,0,0,0,0,0,0,1,0,1
291,1,0,0,0,1,0,0,0,0,0,0,0
292,1,0,0,0,0,0,0,0,0,1,1,1
293,1,0,0,1,0,0,0,0,1,1,0,1
294,1,0,0,0,0,0,0,0,0,0,0,1
295,1,0,0,0,0,0,0,0,0,1,0,1
296,1,0,0,0,0,0,1,0,0,1,0,0
297,1,0,0,1,1,0,0,0,0,0,0,1
298,1,0,0,0,0,0,0,0,1,1,1,1
299,1,0,0,0,0,0,1,0,1,0,0,1
300,1,0,0,0,0,0,0,0,0,0,0,1
301,1,0,0,0,0,0,0,0,0,0,0,0
302,1,0,0,0,1,0,0,0,0,0,0,0
303,1,0,0,0,0,1,0,0,0,1,0,1
304,1,0,0,0,0,0,0,0,1,0,0,1
305,1,0,0,0,1,1,0,1,0,0,0,1
306,1,0,0,0,0,1,0,0,0,1,0,1
307,1,0,0,0,0,0,0,0,1,1,0,1
308,1,0,0,0,0,0,1,0,0,1,0,0
309,1,0,0,0,0,0,1,0,1,1,1,1
310,1,0,0,0,0,0,0,0,0,0,0,0
311,1,0,0,0,0,1,0,0,0,1,0,1
312,1,0,0,0,1,1,0,0,0,1,0,1
313,1,0,0,0,0,0,0,0,0,1,0,1
314,1,0,0,0,0,0,0,0,0,0,0,0
315,1,0,0,0,1,1,0,0,1,0,0,1
316,1,0,0,0,1,0,0,0,0,0,0,0
317,1,0,0,0,1,0,0,0,0,0,0,0
318,1,0,0,0,0,1,0,1,1,0,0,1
319,1,0,0,0,0,1,0,0,1,1,0,1
320,1,0,1,0,1,1,0,0,1,1,0,1
321,1,0,0,0,0,0,1,0,0,1,0,0
322,1,0,0,0,0,0,0,0,0,1,0,1
323,1,0,0,0,1,0,0,0,0,0,0,0
324,1,0,0,0,0,1,0,0,1,1,0,0
325,1,0,0,0,1,0,0,0,0,0,0,1
326,1,0,0,0,0,0,0,0,0,0,0,1
327,1,0,0,0,0,0,0,0,1,0,0,1
328,1,0,0,0,0,0,0,0,0,0,0,1
329,1,0,0,0,0,0,1,0,0,1,0,0
330,1,0,0,0,0,0,1,0,0,1,0,0
331,1,0,0,0,0,0,0,0,0,1,1,1
332,1,0,0,0,0,1,0,0,0,1,0,1
333,1,0,0,0,0,0,0,0,0,1,1,1
334,1,0,0,1,0,1,0,0,0,0,0,1
335,1,0,0,0,0,1,0,0,0,0,0,1
336,1,0,0,0,0,1,0,0,1,1,0,1
337,1,0,0,0,1,0,1,0,0,1,0,0
338,1,0,0,0,0,0,0,1,1,0,0,1
339,1,0,0,0,0,0,1,1,0,1,0,0
340,1,0,0,0,1,1,0,0,1,0,0,1
341,1,0,0,0,0,0,0,0,0,1,0,1
342,1,0,0,0,1,0,0,0,0,0,0,0
343,1,0,0,0,0,0,0,0,1,1,0,1
344,1,0,0,0,0,0,1,0,0,1,1,1
345,1,0,0,0,0,0,0,1,1,0,0,1
346,1,0,0,0,0,0,0,0,0,0,0,1
347,1,0,0,0,0,0,1,0,0,0,0,1
348,1,0,0,0,0,0,0,0,0,0,0,1
349,1,0,0,0,0,0,0,0,1,0,0,1
350,1,0,0,0,0,0,0,0,0,1,0,0
351,1,0,0,0,0,0,1,0,1,0,0,1
352,1,0,0,0,0,0,0,0,0,0,0,0
353,1,0,0,1,1,1,0,0,1,1,1,1
354,1,0,0,0,1,1,0,0,0,0,0,1
355,1,0,0,0,0,0,0,0,0,0,0,0
356,1,0,0,0,0,0,0,0,0,0,0,1
357,1,0,0,0,0,0,0,0,1,1,0,1
358,1,0,0,0,0,1,0,0,1,1,0,1
359,1,0,0,0,1,0,0,0,0,0,0,0
360,1,0,0,0,0,0,0,0,0,0,0,1
361,1,0,0,0,1,0,0,0,0,1,0,1
362,1,0,0,0,0,0,1,0,0,0,0,0
363,1,0,0,0,0,1,0,0,1,0,0,1
364,1,0,0,0,0,0,0,0,0,1,0,1
365,1,0,0,0,1,1,0,1,1,1,0,1
366,1,0,0,0,1,1,0,0,0,0,0,1
367,1,0,0,0,1,1,1,0,1,1,0,1
368,1,0,0,0,0,0,1,0,0,1,0,1
369,1,0,0,0,0,1,0,0,0,0,0,1
370,1,0,0,0,0,0,0,0,1,0,0,1
371,1,0,0,0,0,0,0,1,1,0,0,1
372,1,0,0,0,0,0,0,0,1,1,0,1
373,1,0,0,0,0,0,1,0,1,0,0,1
374,1,0,0,0,1,0,0,0,0,0,0,0
375,1,0,0,0,0,1,0,0,0,0,0,1
376,1,0,0,0,0,0,0,0,0,1,0,1
377,1,0,0,0,1,0,0,0,0,0,0,0
378,1,0,0,0,1,0,0,0,0,0,0,1
379,1,0,0,0,0,0,0,0,0,1,0,1
380,1,0,0,0,0,0,0,0,0,0,0,1
381,1,0,0,0,0,1,0,0,0,0,0,1
382,1,0,0,0,0,1,0,0,1,0,0,1
383,1,0,0,0,1,0,0,0,0,0,0,0
384,1,0,0,0,1,0,0,0,0,1,0,1
385,1,0,0,0,0,0,0,0,0,0,0,0
386,1,0,0,0,0,1,0,0,1,0,0,1
387,1,0,0,1,1,1,0,0,1,1,1,1
388,1,0,0,0,0,0,1,0,1,1,0,1
389,1,0,0,0,1,1,0,0,0,1,0,1
390,1,0,0,0,0,0,1,0,1,1,0,1
391,1,0,0,0,0,0,0,0,1,0,0,1
392,1,0,0,0,0,1,0,0,0,1,0,1
393,1,0,0,0,1,1,0,0,0,1,1,1
394,1,0,0,0,1,1,0,0,0,1,0,1
395,1,0,0,0,0,0,0,0,1,1,0,0
396,1,0,0,0,1,1,0,0,1,1,0,1
397,1,0,0,0,1,1,0,0,0,1,0,1
398,1,0,0,0,0,0,0,0,0,0,0,1
399,1,1,0,0,0,0,0,0,1,1,0,0
400,1,0,0,0,0,0,0,0,0,0,0,0
401,1,0,0,0,0,1,0,1,1,0,0,1
402,1,0,0,0,0,0,1,0,1,1,0,0
403,1,0,0,0,0,0,0,0,1,1,0,1
404,1,0,0,0,0,1,0,1,1,0,0,1
405,1,0,0,0,0,1,0,0,0,0,0,1
406,1,0,0,0,0,0,0,0,0,1,1,1
407,1,0,0,0,1,1,1,0,1,1,0,1
408,1,0,0,0,0,0,0,0,1,1,0,1
409,1,0,0,0,0,0,1,0,1,1,0,0
410,1,0,0,0,0,0,0,0,0,0,0,1
411,1,0,0,0,0,0,0,0,0,0,0,1
412,1,0,0,0,0,1,0,0,1,1,0,1
413,1,0,0,0,1,0,0,0,0,0,0,0
414,1,0,0,0,0,0,0,0,0,1,0,0
415,1,0,1,0,1,1,0,0,0,1,0,1
416,1,0,0,0,1,0,0,0,0,0,0,0
417,1,0,0,0,1,0,1,0,0,1,0,0
418,1,0,0,0,0,0,0,0,0,0,0,1
419,1,0,0,0,0,0,0,0,1,1,0,0
420,1,0,0,0,1,0,0,0,0,0,0,0
421,1,0,0,0,1,0,0,0,0,0,0,0
422,1,0,0,0,1,0,0,0,0,0,0,0
423,1,0,0,0,0,0,0,0,1,1,0,1
424,1,0,0,0,0,1,0,1,1,0,0,1
425,1,0,0,0,0,0,0,0,1,1,0,1
426,1,0,0,0,0,0,0,0,0,1,0,1
427,1,0,0,0,0,1,0,0,0,0,0,1
428,1,0,0,0,0,1,0,0,0,1,0,1
429,1,0,0,0,0,0,0,0,0,0,0,0
430,1,0,0,0,0,0,0,0,0,0,0,0
431,1,0,0,0,0,0,0,0,1,0,0,1
432,1,0,0,0,0,0,1,0,0,0,0,1
433,1,0,0,1,0,0,0,0,0,1,0,1
434,1,0,0,0,0,0,0,0,0,0,0,1
435,1,0,0,0,0,0,0,0,0,0,0,0
436,1,0,0,0,0,0,0,0,1,1,0,0
437,1,0,0,0,0,0,0,0,0,0,0,0
438,1,1,0,0,1,0,0,0,0,0,0,1
439,1,0,0,1,0,1,0,0,0,0,0,1
440,1,0,0,0,0,1,0,0,0,1,0,1
441,1,0,1,0,1,1,0,1,0,1,0,1
442,1,0,0,0,0,0,0,0,0,0,0,1
443,1,0,0,0,0,0,1,0,1,1,0,0
444,1,0,0,0,0,1,0,0,0,0,0,1
445,1,0,0,0,0,0,0,0,0,0,0,1
446,1,0,0,1,1,1,0,0,1,1,1,1
447,1,0,0,0,1,0,0,0,0,0,0,0
448,1,0,0,0,0,1,0,0,0,0,0,1
449,1,0,0,0,0,1,0,0,0,0,0,1
450,1,0,0,0,0,0,0,0,1,1,0,0
451,1,0,0,0,0,0,0,0,0,0,0,1
452,1,0,0,0,1,1,0,0,0,1,0,1
453,1,0,0,0,0,0,1,0,0,1,1,1
454,1,0,0,0,0,0,0,0,1,1,0,0
455,1,0,0,0,0,0,0,0,0,1,0,1
456,1,0,0,0,0,0,0,0,0,1,0,1
457,1,0,0,0,0,0,0,0,0,1,0,1
458,1,0,0,0,0,1,0,0,0,1,1,1
459,1,0,0,0,0,0,0,0,0,0,0,0
460,1,0,0,1,0,0,0,0,0,0,0,1
461,1,0,0,0,0,0,0,0,1,1,0,0
462,1,0,0,0,1,0,0,0,0,0,0,1
463,1,0,0,0,0,0,0,0,0,1,0,1
464,1,0,0,0,0,0,0,0,1,0,0,1
465,1,0,0,0,0,1,0,0,1,1,0,1
466,1,0,0,0,0,0,0,0,0,0,0,0
467,1,0,0,0,0,0,0,0,1,0,0,1
468,1,0,0,0,0,0,0,0,0,1,0,1
469,1,0,0,0,0,0,1,0,0,1,0,0
470,1,0,0,0,0,1,0,0,0,0,0,1
471,1,0,0,0,0,0,0,0,0,1,0,0
472,1,0,0,0,0,1,1,0,0,1,0,1
473,1,0,0,0,0,1,0,0,0,0,0,1
474,1,0,0,0,1,1,0,0,1,0,0,1
475,1,0,0,0,0,0,0,0,1,0,0,0
476,1,0,0,0,0,0,0,0,0,0,0,1
477,1,0,0,0,1,0,1,0,0,1,0,1
478,1,0,0,0,0,0,0,0,0,1,0,1
479,1,0,0,0,1,0,0,0,0,0,0,0
480,1,0,0,0,0,0,0,0,0,0,0,1
481,1,0,0,0,0,1,0,0,0,1,0,1
482,1,0,0,0,1,1,1,0,1,1,0,1
483,1,0,0,0,0,0,1,0,0,1,1,1
484,1,0,0,0,0,0,0,0,0,1,0,1
485,1,0,0,0,0,0,1,0,0,1,0,0
486,1,0,0,0,0,0,0,1,1,0,0,1
487,1,0,0,0,0,0,0,0,0,0,0,1
488,1,0,0,0,1,1,0,0,0,1,1,1
489,1,0,0,0,0,1,0,0,0,1,0,1
490,1,0,0,0,1,0,0,0,0,1,1,0
491,1,0,0,0,0,0,0,0,0,1,0,1
492,1,0,0,0,0,0,1,0,0,1,1,1
493,1,0,0,0,0,0,0,0,0,0,0,0
494,1,0,0,0,1,1,1,0,0,1,0,1
495,1,0,0,0,0,0,0,0,0,1,0,1
496,1,0,0,0,0,0,0,0,1,1,0,0
497,1,0,0,0,0,1,0,0,0,1,0,1
498,1,0,0,0,1,1,0,0,0,1,0,1
499,1,0,0,1,1,1,0,0,0,1,0,1
500,1,0,0,0,0,0,1,0,0,1,1,1
501,1,0,0,0,1,0,0,0,0,0,0,0
502,1,0,0,0,0,0,0,0,0,0,0,1
503,1,0,0,0,0,0,0,0,0,1,0,1
504,1,0,0,0,0,1,0,0,0,0,0,1
505,1,0,0,0,0,0,0,0,1,1,0,1
506,1,0,0,0,0,1,0,0,1,0,0,1
507,1,0,0,0,0,1,1,0,0,1,0,1
508,1,0,0,0,0,0,0,0,0,0,0,1
509,1,0,0,0,1,1,0,0,0,1,0,1
510,1,0,0,0,0,0,1,0,0,1,0,0
511,1,0,0,0,0,1,0,0,0,0,0,1
512,1,0,0,0,0,0,0,0,0,1,0,0
513,1,0,0,0,1,0,0,0,0,0,0,1
514,1,0,0,0,0,1,0,0,1,1,0,1
515,1,0,0,0,0,1,0,0,0,0,0,1
516,1,0,0,0,1,0,0,0,0,1,1,1
517,1,0,1,0,0,0,0,1,1,1,0,1
518,1,1,0,0,1,0,0,0,0,0,0,1
519,1,0,0,0,0,0,0,1,0,0,0,1
520,1,0,0,0,0,1,0,0,0,0,0,1
521,1,0,0,0,1,0,1,0,0,1,0,0
522,1,0,0,0,0,1,0,0,1,1,0,1
523,1,0,0,0,1,0,0,1,0,1,1,1
524,1,0,0,0,0,0,0,0,1,0,0,1
525,1,0,0,0,0,1,0,0,1,0,0,1
526,1,0,0,0,0,0,1,0,1,1,0,1
527,1,0,0,0,1,0,0,0,0,0,0,1
528,1,0,0,0,0,0,0,0,0,0,0,1
529,1,0,0,0,1,0,0,0,0,0,0,0
530,1,0,0,0,0,0,1,0,0,1,1,1
531,1,0,0,0,0,0,1,0,0,1,0,0
532,1,0,0,0,0,0,0,0,0,1,0,1
533,1,0,0,0,0,0,0,0,1,1,0,1
534,1,0,0,1,0,0,1,0,0,1,1,1
535,1,0,0,0,0,0,1,0,0,1,1,1
536,1,0,0,0,0,0,0,0,1,0,0,1
537,1,0,0,0,0,0,0,0,0,0,0,1
538,1,0,0,0,0,1,0,0,0,0,0,1
539,1,0,0,0,1,1,0,0,0,0,0,0
540,1,0,0,0,0,0,0,1,0,0,0,1
541,1,0,0,0,0,0,0,0,0,1,1,1
542,1,0,0,0,0,0,1,0,0,1,0,0
543,1,0,1,0,1,1,0,0,0,1,1,1
544,1,0,0,0,0,0,0,0,0,0,0,1
545,1,0,0,0,0,1,0,0,0,0,0,1
546,1,0,0,0,0,0,0,0,1,0,0,1
547,1,0,0,0,0,1,0,0,0,0,0,1
548,1,0,0,0,0,0,0,0,1,0,0,1
549,1,0,0,0,1,1,0,0,0,0,0,1
550,1,0,0,0,1,0,0,0,0,0,0,1
551,1,0,0,0,0,0,0,0,0,0,0,1
552,1,0,0,0,0,0,1,0,0,1,1,1
553,1,0,0,0,0,0,1,0,0,1,0,0
554,1,0,0,0,0,1,0,0,1,0,0,1
555,1,0,0,0,1,0,0,0,0,0,0,0
556,0,0,0,0,0,0,0,0,0,0,0,0
557,0,0,0,0,0,0,0,0,0,0,0,0
558,0,0,0,0,0,0,0,0,0,0,0,0
559,0,0,0,0,0,0,0,0,0,0,0,1
560,0,0,0,0,0,0,0,0,0,0,0,0
561,0,0,0,0,0,0,0,0,0,0,0,1
562,0,0,0,0,0,0,0,0,1,1,1,0
563,0,0,0,0,0,0,0,0,0,1,0,0
564,0,0,0,0,0,0,0,0,0,1,1,1
565,0,0,0,0,0,0,0,0,0,0,0,0
566,0,0,0,0,0,0,0,0,1,0,0,0
567,0,0,0,0,0,0,0,0,0,0,0,0
568,0,0,0,0,0,0,0,0,0,1,0,1
569,0,0,0,0,0,0,0,0,0,1,0,0
570,0,0,0,0,0,0,0,0,0,1,1,0
571,0,0,0,0,0,0,0,0,0,0,0,0
572,0,0,0,0,0,0,0,0,0,1,1,1
573,0,0,0,0,0,0,0,0,0,0,0,0
574,0,0,0,0,0,0,0,0,0,0,0,0
575,0,0,0,0,0,0,0,0,0,0,0,0
576,0,0,0,0,0,0,0,0,0,0,0,0
577,0,0,0,0,0,0,0,0,0,0,0,1
578,0,0,0,0,0,0,0,0,0,0,0,0
579,0,0,0,0,0,0,0,0,0,0,0,0
580,0,0,0,0,0,0,0,0,0,0,0,0
581,0,0,0,0,0,0,0,1,1,0,0,1
582,0,0,0,0,0,0,0,0,0,0,0,0
583,0,0,0,0,0,0,0,0,0,0,0,0
584,0,0,0,0,0,0,0,0,0,1,0,0
585,0,0,0,0,0,0,0,0,0,0,0,0
586,0,0,0,0,0,0,0,0,0,0,0,0
587,0,0,0,0,0,0,0,0,0,0,0,1
588,0,0,0,0,0,0,0,0,0,0,0,0
589,0,0,0,0,1,0,0,0,0,0,0,1
590,0,0,0,0,0,0,0,0,0,0,0,0
591,0,0,0,0,0,0,0,0,0,1,0,1
592,0,0,0,0,0,0,0,1,0,1,0,0
593,0,0,0,0,0,0,0,0,0,0,0,0
594,0,0,0,0,0,0,0,0,0,0,0,1
595,0,0,0,0,1,0,0,0,0,0,1,1
596,0,0,0,0,0,0,0,0,0,1,0,0
597,0,0,0,0,0,0,0,0,0,0,0,0
598,0,0,0,0,0,0,0,0,0,1,0,1
599,0,0,0,0,0,0,0,0,0,0,0,0
600,0,0,0,0,0,0,0,0,0,0,0,0
601,0,0,0,0,0,0,0,0,0,0,0,0
602,0,0,0,0,0,0,0,0,0,1,0,0
603,0,0,0,0,0,0,0,0,0,0,0,0
604,0,0,0,0,0,0,0,0,0,1,0,0
605,0,0,0,0,0,0,0,0,0,0,0,0
606,0,0,0,0,0,0,0,0,0,1,0,1
607,0,0,0,0,0,0,0,0,0,1,0,0
608,0,0,0,0,0,0,0,0,1,0,0,1
609,0,0,0,0,0,0,0,0,0,0,0,0
610,0,0,0,0,0,0,0,0,0,0,0,0
611,0,0,0,0,0,0,0,0,1,0,0,1
612,0,0,0,0,0,0,0,0,0,0,0,0
613,0,0,0,0,0,0,0,0,0,0,0,0
614,0,0,0,0,0,0,0,0,1,1,0,0
615,0,0,0,0,0,0,0,0,0,0,0,0
616,0,0,0,0,0,0,0,0,0,0,0,0
617,0,0,0,0,0,0,0,0,0,1,0,1
618,0,0,0,0,0,0,0,0,0,0,0,0
619,0,0,0,0,0,0,0,0,0,0,0,0
620,0,0,0,0,0,0,0,0,0,0,0,0
621,0,0,0,0,0,0,0,0,0,0,0,0
622,0,0,0,0,0,0,0,0,0,0,0,0
623,0,0,0,0,0,0,0,0,0,0,0,0
624,0,0,0,0,0,0,0,0,0,0,0,0
625,0,0,0,0,0,0,0,0,0,0,0,0
626,0,0,0,0,0,0,0,0,0,1,0,0
627,0,0,0,0,0,0,0,0,0,1,1,1
628,0,0,0,0,0,0,0,0,0,0,0,0
629,0,0,0,0,0,0,0,0,0,0,0,1
630,0,0,0,0,0,0,0,0,0,0,0,0
631,0,0,0,0,0,0,0,0,0,1,0,0
632,0,0,0,0,0,0,0,0,1,0,0,0
633,0,0,0,0,0,0,0,0,0,0,0,1
634,0,0,0,0,0,0,0,0,0,0,0,0
635,0,0,0,0,0,0,0,0,0,0,0,0
636,0,0,0,0,0,0,0,0,0,0,0,0
637,0,0,0,0,0,0,0,0,0,0,0,0
638,0,0,0,0,0,0,0,0,0,1,0,0
639,0,0,0,0,0,0,0,0,1,1,0,0
640,0,0,0,0,0,0,0,0,0,0,0,0
641,0,0,0,0,0,0,0,0,1,0,0,0
642,0,0,0,0,0,0,0,0,0,0,0,0
643,0,0,0,0,0,0,0,0,0,1,0,0
644,0,0,0,0,0,0,0,0,0,0,0,0
645,0,0,0,0,0,0,0,0,0,1,0,0
646,0,0,0,0,0,0,0,1,0,0,0,0
647,0,0,0,0,0,0,0,0,0,0,0,1
648,0,0,0,0,0,0,0,0,0,0,0,0
649,0,0,0,0,0,0,0,0,0,0,0,1
650,0,0,0,0,0,0,0,0,0,1,0,1
651,0,0,0,0,0,0,0,0,0,1,0,0
652,0,0,0,0,0,0,0,0,0,1,0,1
653,0,0,0,0,0,0,0,0,0,0,0,0
654,0,0,0,0,0,0,0,0,0,0,0,1
655,0,0,0,0,0,0,0,0,0,0,0,0
656,0,0,0,0,0,0,0,0,0,0,0,0
657,0,0,0,0,0,0,0,0,0,0,0,0
658,0,0,0,0,0,0,0,0,0,0,0,0
659,0,0,0,0,0,0,0,0,0,1,1,0
660,0,0,0,0,0,0,0,0,1,0,0,0
661,0,0,0,0,0,0,0,0,0,0,0,0
662,0,0,0,0,0,0,0,0,0,0,0,0
663,0,0,0,0,0,0,0,0,1,0,0,0
664,0,0,0,0,0,0,0,0,0,0,0,0
665,0,0,0,0,0,0,0,0,0,0,0,1
666,0,0,0,0,0,0,0,0,0,0,0,0
667,0,0,0,0,0,0,0,0,0,1,0,0
668,0,0,0,0,0,0,0,0,0,0,0,0
669,0,0,0,0,0,0,0,0,0,0,0,0
670,0,0,0,0,0,0,0,0,0,0,0,0
671,0,0,0,0,0,0,0,0,0,1,0,0
672,0,0,0,0,0,0,0,0,0,0,0,0
673,0,0,0,0,0,0,0,0,0,0,0,0
674,0,0,0,0,0,0,0,0,1,0,0,0
675,0,0,0,0,0,0,0,0,0,0,0,0
676,0,0,0,0,0,0,0,0,0,0,0,0
677,0,0,0,0,0,0,0,0,1,0,0,0
678,0,0,0,0,0,0,0,0,0,0,0,0
679,0,0,0,0,0,0,0,0,0,0,0,0
680,0,0,0,0,0,0,0,0,0,0,0,0
681,0,0,0,0,0,0,0,0,0,1,0,0
682,0,0,0,0,0,0,0,0,0,0,0,0
683,0,0,0,0,0,0,0,0,0,0,0,0
684,0,0,0,0,0,0,0,0,0,0,0,1
685,0,0,0,0,0,0,0,0,1,0,0,0
686,0,0,0,0,0,0,0,0,0,0,0,0
687,0,0,0,0,0,0,0,0,0,1,0,0
688,0,0,0,0,0,0,0,1,0,1,0,0
689,0,0,0,0,0,0,0,1,0,0,0,1
690,0,0,0,0,0,0,0,0,0,0,0,0
691,0,0,0,0,0,0,0,0,0,0,0,0
692,0,0,0,0,0,0,0,1,1,0,0,0
693,0,0,0,0,0,0,0,0,0,0,0,1
694,0,0,0,0,0,0,0,0,0,1,0,0
695,0,0,0,0,0,0,0,0,0,0,0,0
696,0,0,0,0,0,0,0,0,0,1,0,0
697,0,0,0,0,0,0,0,0,1,1,0,0
698,0,0,0,0,0,0,0,0,0,0,0,0
699,0,0,0,0,0,0,0,0,1,0,0,0
700,0,0,0,0,0,0,0,0,0,0,0,0
701,0,0,0,0,1,0,0,0,0,0,0,1
702,0,0,0,0,0,0,0,0,0,1,0,1
703,0,0,0,0,0,0,0,0,0,0,0,0
704,0,0,0,0,0,0,0,0,0,0,0,1
705,0,0,0,0,0,0,0,0,0,0,0,1
706,0,0,0,0,0,0,0,0,0,1,0,0
707,0,0,0,0,0,0,0,0,0,1,0,0
708,0,0,0,0,0,0,0,0,0,0,0,0
709,0,0,0,0,0,0,0,0,0,0,0,0
710,0,0,0,0,0,0,0,0,0,0,0,0
711,0,0,0,0,0,0,0,0,0,0,0,0
712,0,0,0,0,0,0,0,0,1,1,1,0
713,0,0,0,0,0,0,0,0,0,0,0,0
714,0,0,0,0,0,0,0,0,0,1,0,0
715,0,0,0,0,0,0,0,0,1,0,0,0
716,0,0,0,0,0,0,0,0,0,1,0,0
717,0,0,0,0,0,0,0,0,0,0,0,0
718,0,0,0,0,0,0,0,0,0,0,0,0
719,0,0,0,0,0,0,0,0,0,1,0,0
720,0,0,0,0,0,0,0,0,1,1,0,0
721,0,0,0,0,0,0,0,0,0,0,0,0
722,0,0,0,0,0,0,0,0,0,0,0,0
723,0,0,0,0,0,0,0,0,0,1,0,1
724,0,0,0,0,0,0,0,0,1,0,0,1
725,0,0,0,0,0,0,0,0,0,0,0,1
726,0,0,0,0,0,0,0,0,0,0,0,0
727,0,0,0,0,0,0,0,0,0,0,0,0
728,0,0,0,0,0,0,0,0,0,0,0,0
729,0,0,0,0,0,0,0,0,0,1,0,0
730,0,0,0,0,0,0,0,0,0,0,0,0
731,0,0,0,0,0,0,0,0,0,0,0,0
732,0,0,0,0,0,0,0,0,0,0,0,0
733,0,0,0,0,0,0,0,0,1,0,0,0
734,0,0,0,0,0,0,0,0,1,0,0,1
735,0,0,0,0,0,0,0,0,0,1,0,0
736,0,0,0,0,0,0,0,0,0,0,0,1
737,0,0,0,0,0,0,0,0,0,0,0,0
738,0,0,0,0,0,0,0,0,0,0,0,0
739,0,0,0,0,0,0,0,0,0,1,0,0
740,0,0,0,0,0,0,0,0,0,0,0,0
741,0,0,0,0,0,0,0,0,0,1,0,0
742,0,0,0,0,0,0,0,0,0,1,0,0
743,0,0,0,0,0,0,0,0,0,0,0,0
744,0,0,0,0,0,0,0,0,0,0,0,0
745,0,0,0,0,0,0,0,0,0,0,0,0
746,0,0,0,0,0,0,0,0,0,0,0,0
747,0,0,0,0,0,0,0,0,0,0,0,0
748,0,0,0,0,0,0,0,0,0,0,0,0
749,0,0,0,0,0,0,0,0,0,0,0,0
750,0,0,0,0,0,0,0,0,0,0,0,0
751,0,0,0,0,0,0,0,0,1,1,1,0
752,0,0,0,0,0,0,0,0,0,1,0,0
753,0,0,0,0,0,0,0,0,0,0,0,0
754,0,0,0,0,0,0,0,0,0,0,0,0
755,0,0,0,0,0,0,0,0,0,0,0,0
756,0,0,0,0,0,0,0,0,0,1,0,0
757,0,0,0,0,0,0,0,0,0,0,0,0
758,0,0,0,0,0,0,0,0,0,1,0,0
759,0,0,0,0,0,0,0,0,0,0,0,0
760,0,0,0,0,0,0,0,0,0,1,0,0
761,0,0,0,0,0,0,0,0,1,0,0,0
762,0,0,0,0,0,0,0,1,0,0,0,1
763,0,0,0,0,0,0,0,0,0,0,0,0
764,0,0,0,0,0,0,0,0,0,0,0,0
765,0,0,0,0,0,0,0,0,0,0,0,0
766,0,0,0,0,0,0,0,0,0,1,0,0
767,0,0,0,0,0,0,0,0,0,1,0,0
768,0,0,0,0,0,0,0,0,1,0,0,1
769,0,0,0,0,0,0,0,0,0,0,0,0
770,0,0,0,0,0,0,0,0,0,0,0,0
771,0,0,0,0,0,0,0,0,0,0,0,0
772,0,0,0,0,0,0,0,0,0,1,0,0
773,0,0,0,0,0,0,0,0,0,0,0,0
774,0,0,0,0,0,0,0,0,0,0,0,0
775,0,0,0,0,0,0,0,0,0,0,0,0
776,0,0,0,0,0,0,0,0,1,0,0,0
777,0,0,0,0,0,0,0,0,0,0,0,0
778,0,0,0,0,0,0,0,0,1,0,0,1
779,0,0,0,0,0,0,0,0,0,0,0,0
780,0,0,0,0,1,0,0,0,0,1,0,0
781,0,0,0,0,0,0,0,0,0,0,0,0
782,0,0,0,0,0,0,0,0,0,0,0,0
783,0,0,0,0,0,0,0,0,0,0,0,0
784,0,0,0,0,0,0,0,0,1,0,0,0
785,0,0,0,0,0,0,0,0,0,0,0,0
786,0,0,0,0,0,0,0,0,0,0,0,0
787,0,0,0,0,0,0,0,0,0,0,0,1
788,0,0,0,0,0,0,0,0,0,0,0,0
789,0,0,0,0,0,0,0,0,0,1,0,0
790,0,0,0,0,0,0,0,0,0,0,0,1
791,0,0,0,0,0,0,0,0,0,1,0,1
792,0,0,0,0,0,0,0,0,0,0,0,0
793,0,0,0,0,0,0,0,0,0,1,0,0
794,0,0,0,0,0,0,0,0,0,1,1,1
795,0,0,0,0,0,0,0,0,0,0,0,0
796,0,0,0,0,0,0,0,1,0,0,0,0
797,0,0,0,0,0,0,0,0,0,0,0,0
798,0,0,0,0,0,0,0,0,0,1,0,0
799,0,0,0,0,0,0,0,0,1,1,0,0
800,0,0,0,0,0,0,0,0,0,0,0,0
801,0,0,0,0,0,0,0,0,1,0,0,1
802,0,0,0,0,0,0,0,0,0,0,0,0
803,0,0,0,0,0,0,0,0,0,0,0,1
804,0,0,0,0,0,0,0,0,0,1,0,0
805,0,0,0,0,0,0,0,0,0,1,0,0
806,0,0,0,0,0,0,0,0,0,1,0,0
807,0,0,0,0,0,0,0,1,0,0,0,0
808,0,0,0,0,0,0,0,0,0,1,0,0
809,0,0,0,0,0,0,0,0,0,0,0,0
810,0,0,0,0,0,0,0,0,0,0,0,0
811,0,0,0,0,0,0,0,0,0,1,0,0
812,0,0,0,0,0,0,0,0,0,1,0,0
813,0,0,0,0,0,0,0,0,0,0,0,0
814,0,0,0,0,0,0,0,0,0,0,0,0
815,0,0,0,0,0,0,0,0,0,0,0,0
816,0,0,0,0,0,0,0,0,0,1,0,0
817,0,0,0,0,0,0,0,0,0,0,0,1
818,0,0,0,0,0,0,0,0,0,0,0,0
819,0,0,0,0,0,0,0,0,0,0,0,0
820,0,0,0,0,0,0,0,0,0,0,0,0
821,0,0,0,0,0,0,0,0,0,1,1,0
822,0,0,0,0,0,0,0,0,0,0,0,1
823,0,0,0,0,0,0,0,0,0,0,0,0
824,0,0,0,0,0,0,0,0,0,0,0,0
825,0,0,0,0,0,0,0,0,0,0,0,0
826,0,0,0,0,0,0,0,0,0,1,0,0
827,0,0,0,0,0,0,0,0,0,0,0,0
828,0,0,0,0,0,0,0,0,0,0,0,0
829,0,0,0,0,0,0,0,0,0,1,0,0
830,0,0,0,0,0,0,0,0,0,0,0,1
831,0,0,0,0,0,0,0,0,0,0,0,0
832,0,0,0,0,0,0,0,0,0,0,0,0
833,0,0,0,0,0,0,0,0,0,1,0,0
834,0,0,0,0,0,0,0,0,0,0,0,0
835,0,0,0,0,0,0,0,0,0,0,0,0
836,0,0,0,0,0,0,0,0,0,1,1,0
837,0,0,0,0,0,0,0,0,0,1,0,0
838,0,0,0,0,0,0,0,0,0,1,0,0
839,0,0,0,0,0,0,0,0,0,0,0,0
840,0,0,0,0,0,0,0,0,1,0,0,0
841,0,0,0,0,0,0,0,0,0,0,0,1
842,0,0,0,0,0,0,0,0,0,0,0,0
843,0,0,0,0,0,0,0,0,1,0,0,0
844,0,0,0,0,0,0,0,0,0,1,1,1
845,0,0,0,0,0,0,0,0,0,0,0,0
846,0,0,0,0,0,0,0,0,0,1,0,0
847,0,0,0,0,0,0,0,0,0,1,0,0
848,0,0,0,0,0,0,0,0,0,1,0,0
849,0,0,0,0,0,0,0,0,0,1,1,1
850,0,0,0,0,0,0,0,0,0,0,0,0
851,0,0,0,0,0,0,0,0,0,0,0,0
852,0,0,0,0,0,0,0,0,0,0,0,0
853,0,0,0,0,0,0,0,0,0,0,0,0
854,0,0,0,0,0,0,0,0,0,0,0,0
855,0,0,0,0,0,0,0,0,1,1,0,1
856,0,0,0,0,0,0,0,0,0,0,0,0
857,0,0,0,0,0,0,0,0,0,1,0,0
858,0,0,0,0,0,0,0,0,0,0,0,0
859,0,0,0,0,0,0,0,0,0,1,1,1
860,0,0,0,0,0,0,0,0,1,0,0,1
861,0,0,0,0,0,0,0,0,0,0,0,0
862,0,0,0,0,0,0,0,0,0,0,0,1
863,0,0,0,0,0,0,0,0,0,1,0,0
864,0,0,0,0,0,0,0,0,0,0,0,0
865,0,0,0,0,0,0,0,0,1,0,0,0
866,0,0,0,0,0,0,0,0,0,0,0,0
867,0,0,0,0,0,0,0,0,0,1,0,0
868,0,0,0,0,0,0,1,0,0,0,0,0
869,0,0,0,0,0,0,0,0,0,0,0,0
870,0,0,0,0,0,0,0,1,0,0,0,1
871,0,0,0,0,0,0,0,0,0,1,0,1
872,0,0,0,0,0,0,0,0,0,1,0,0
873,0,0,0,0,0,0,0,0,1,0,0,1
874,0,0,0,0,0,0,0,0,0,0,0,0
875,0,0,0,0,0,0,0,0,0,0,0,1
876,0,0,0,0,0,0,0,0,0,0,0,0
877,0,0,0,0,0,0,0,1,0,1,0,0
878,0,0,0,0,0,0,0,0,0,0,0,0
879,0,0,0,0,0,0,0,0,0,1,0,0
880,0,0,0,0,0,0,0,0,0,0,0,1
881,0,0,0,0,0,0,0,0,0,0,0,1
882,0,0,0,0,0,0,0,0,0,0,0,1
883,0,0,0,0,0,0,0,0,0,0,0,0
884,0,0,0,0,0,0,0,0,1,0,0,0
885,0,0,0,0,0,0,0,0,0,0,0,1
886,0,0,0,0,0,0,0,0,0,1,0,0
887,0,0,0,0,0,0,0,0,1,1,0,0
888,0,0,0,0,0,0,0,0,0,0,0,0
889,0,0,0,0,0,0,0,0,0,1,0,0
890,0,0,0,0,0,0,0,0,0,0,0,0
891,0,0,0,0,0,0,0,0,0,0,0,0
892,0,0,0,0,0,0,0,0,0,0,0,0
893,0,0,0,0,0,0,0,0,0,0,0,0
894,0,0,0,0,0,0,0,0,0,1,0,0
895,0,0,0,0,0,0,0,0,0,1,0,0
896,0,0,0,0,0,0,0,0,0,0,0,0
897,0,0,0,0,0,0,0,0,0,0,0,0
898,0,0,0,0,0,0,0,0,0,0,0,0
899,0,0,0,0,0,0,0,0,0,0,0,0
900,0,0,0,0,0,0,0,0,0,1,0,0
901,0,0,0,0,0,0,0,0,1,0,0,1
902,0,0,0,0,0,0,0,0,0,0,0,0
903,0,0,0,0,0,0,0,0,0,0,0,0
904,0,0,0,0,0,0,0,0,0,1,0,0
905,0,0,0,0,0,0,0,0,0,0,0,0
906,0,0,0,0,0,0,0,0,0,0,0,0
907,0,0,0,0,0,0,0,0,0,0,0,0
908,0,0,0,0,0,0,0,0,0,0,0,1
909,0,0,0,0,0,0,0,0,0,0,0,1
910,0,0,0,0,0,0,0,0,0,1,0,1
911,0,0,0,0,0,0,0,0,0,1,0,0
912,0,0,0,0,1,0,0,0,0,0,0,1
913,0,0,0,0,0,0,0,0,0,0,0,0
914,0,0,0,0,0,0,0,0,0,0,0,0
915,0,0,0,0,0,0,0,0,0,1,0,0
916,0,0,0,0,0,0,0,0,0,0,0,0
917,0,0,0,0,0,0,0,0,0,0,0,0
918,0,0,0,0,0,0,0,0,0,0,0,1
919,0,0,0,0,0,0,0,0,0,1,0,0
920,0,0,0,0,0,0,0,0,0,0,0,1
921,0,0,0,0,0,0,0,0,0,1,0,0
922,0,0,0,0,0,0,0,0,0,0,0,0
923,0,0,0,0,1,0,0,0,0,0,0,0
924,0,0,0,0,0,0,0,0,0,1,1,1
925,0,0,0,0,0,0,0,0,0,0,0,1
926,0,0,0,0,0,0,0,0,0,1,1,0
927,0,0,0,0,0,0,0,0,0,0,0,0
928,0,0,0,0,0,0,0,0,0,0,0,1
929,0,0,0,0,0,0,0,0,0,0,0,0
930,0,0,0,0,0,0,0,0,0,1,0,0
931,0,0,0,0,0,0,0,0,0,0,0,1
932,0,0,0,0,0,0,1,0,0,1,0,0
933,0,0,0,0,0,0,0,0,0,0,0,1
934,0,0,0,0,0,0,0,0,0,0,0,1
935,0,0,0,0,0,0,0,0,0,0,0,0
936,0,0,0,0,1,0,0,0,0,0,0,1
937,0,0,0,0,0,0,0,0,0,0,0,0
938,0,0,0,0,0,0,0,0,0,1,0,0
939,0,0,0,0,0,0,0,0,0,1,0,1
940,0,0,0,0,0,0,0,0,0,0,0,0
941,0,0,0,0,0,0,0,0,0,0,0,0
942,0,0,0,0,0,0,0,0,0,0,0,1
943,0,0,0,0,0,0,0,0,0,1,0,0
944,0,0,0,0,0,0,0,0,0,1,0,0
945,0,0,0,0,0,0,0,0,0,0,0,0
946,0,0,0,0,0,0,0,0,0,0,0,1
947,0,0,0,0,0,0,0,0,0,1,0,0
948,0,0,0,0,0,0,0,0,0,0,0,0
949,0,0,0,0,0,0,0,0,0,0,0,0
950,0,0,0,0,0,0,0,0,0,0,0,0
951,0,0,0,0,0,0,0,0,0,1,0,0
952,0,0,0,0,0,0,0,0,0,0,0,0
953,0,0,0,0,0,0,0,0,0,0,0,0
954,0,0,0,0,0,0,0,0,1,0,0,1
955,0,0,0,0,0,0,0,0,0,1,0,0
956,0,0,0,0,0,0,0,0,0,1,1,1
957,0,0,0,0,0,0,0,0,0,1,0,0
958,0,0,0,0,0,0,0,0,0,1,0,1
959,0,0,0,0,0,0,0,0,0,0,0,0
960,0,0,0,0,0,0,0,0,0,1,0,0
961,0,0,0,0,0,0,0,0,0,1,0,1
962,0,0,0,0,0,0,0,0,0,1,0,0
963,0,0,0,0,0,0,0,0,0,1,0,0
964,0,0,0,0,0,0,0,1,0,0,0,0
965,0,0,0,0,0,0,0,0,0,0,0,0
966,0,0,0,0,0,0,0,0,0,0,0,1
967,0,0,0,0,0,0,0,0,0,1,0,1
968,0,0,0,0,0,0,0,0,0,1,0,0
969,0,0,0,0,0,0,0,0,0,0,0,0
970,0,0,0,0,0,0,0,0,0,1,0,0
971,0,0,0,0,0,0,0,0,0,0,0,0
972,0,0,0,0,0,0,0,0,0,0,0,0
973,0,0,0,0,0,0,0,0,0,0,0,0
974,0,0,0,0,0,0,0,0,0,0,0,0
975,0,0,0,0,0,0,0,0,0,1,0,0
976,0,0,0,0,1,0,0,0,0,0,0,1
977,0,0,0,0,0,0,0,0,0,1,0,0
978,0,0,0,0,0,0,0,0,0,0,0,1
979,0,0,0,0,0,0,0,0,0,0,0,0
980,0,0,0,0,0,0,0,0,0,0,0,1
981,0,0,0,0,0,0,0,0,0,0,0,0
982,0,0,0,0,0,0,0,0,1,0,0,0
983,0,0,0,0,0,0,0,0,0,0,0,1
984,0,0,0,0,0,0,0,0,1,0,0,0
985,0,0,0,0,0,0,0,0,0,0,0,1
986,0,0,0,0,0,0,0,0,0,1,0,1
987,0,0,0,0,0,0,0,0,0,0,0,1
988,0,0,0,0,0,0,0,0,0,0,0,0
989,0,0,0,0,0,0,0,1,0,0,0,0
990,0,0,0,0,0,0,0,0,0,1,0,0
991,0,0,0,0,0,0,0,0,0,1,0,0
992,0,0,0,0,0,0,0,0,0,1,0,0
993,0,0,0,0,0,0,0,0,0,1,0,0
994,0,0,0,0,0,0,0,0,0,1,0,0
995,0,0,0,0,0,0,0,0,0,0,0,0
996,0,0,0,0,0,0,0,0,0,0,0,0
997,0,0,0,0,0,0,0,0,0,0,0,0
998,0,0,0,0,0,0,0,0,0,0,0,0
999,0,0,0,0,1,0,0,0,0,0,0,1
1000,0,0,0,0,0,0,0,0,0,1,0,0
1001,0,0,0,0,0,0,0,0,0,0,0,1
1002,0,0,0,0,0,0,0,0,0,0,0,0
1003,0,0,0,0,0,0,0,0,0,0,0,0
1004,0,0,0,0,1,0,0,0,0,0,0,1
1005,0,0,0,0,0,0,0,0,0,1,0,0
1006,0,0,0,0,0,0,0,0,1,0,0,1
1007,0,0,0,0,0,0,0,0,0,1,0,0
1008,0,0,0,0,0,0,0,0,0,0,0,1
1009,0,0,0,0,0,0,0,0,0,1,0,1
1010,0,0,0,0,0,0,0,0,0,1,0,0
1011,0,0,0,0,0,0,0,0,0,0,0,1
1012,0,0,0,0,0,0,0,0,0,0,0,1
1013,0,0,0,0,0,0,0,0,0,1,0,1
1014,0,0,0,0,0,0,0,0,0,1,0,0
1015,0,0,0,0,0,0,0,0,0,0,0,1
1016,0,0,0,0,0,0,0,0,0,0,0,0
1017,0,0,0,0,0,0,0,0,0,0,0,0
1018,0,0,0,0,0,0,0,0,0,0,0,1
1019,0,0,0,0,1,0,0,0,0,1,0,1
1020,0,0,0,0,0,0,0,0,0,0,0,1
1021,0,0,0,0,0,0,0,0,0,0,0,0
1022,0,0,0,0,0,0,0,0,0,1,0,1
1023,0,0,0,0,0,0,0,0,0,0,0,1
1024,0,0,0,0,0,0,0,0,0,0,0,1
1025,0,0,0,0,0,0,0,0,0,0,0,0
1026,0,0,0,0,0,0,0,0,0,0,0,0
1027,0,0,0,0,0,0,0,0,0,0,0,0
1028,0,0,0,0,0,0,0,0,0,0,0,1
1029,0,0,0,0,0,0,0,1,0,0,0,0
1030,0,0,0,0,0,0,0,0,0,1,0,0
1031,0,0,0,0,0,0,0,0,0,0,0,0
1032,0,0,0,0,0,0,0,0,0,0,0,0
1033,0,0,0,0,0,0,0,0,1,0,0,1
1034,0,0,0,0,0,0,0,0,0,1,0,0
1035,0,0,0,0,0,0,0,0,1,0,0,0
1036,0,0,0,0,0,0,0,0,0,0,0,1
1037,0,0,0,0,0,0,0,0,0,0,0,0
1038,0,0,0,0,0,0,0,0,0,0,0,0
1039,0,0,0,0,0,0,0,0,0,0,0,0
1040,0,0,0,0,0,0,0,0,0,1,0,0
1041,0,0,0,0,0,0,0,0,0,0,0,0
1042,0,0,0,0,0,0,0,0,0,1,0,0
1043,0,0,0,0,0,0,0,0,0,1,1,1
1044,0,0,0,0,0,0,0,0,0,1,0,0
1045,0,0,0,0,0,0,0,0,0,0,0,0
1046,0,0,0,0,0,0,0,0,1,1,0,0
1047,0,0,0,0,0,0,0,0,0,0,0,0
1048,0,0,0,0,0,0,0,0,0,1,0,0
1049,0,0,0,0,0,0,0,0,0,0,0,1
1050,0,0,0,0,0,0,0,0,0,0,0,1
1051,0,0,0,0,0,0,0,0,0,0,0,0
1052,0,0,0,0,0,0,0,0,1,0,0,1
1053,0,0,0,0,0,0,0,0,0,0,0,0
1054,0,0,0,0,0,0,0,0,0,0,0,0
1055,0,0,0,0,0,0,0,0,0,0,0,1
1056,0,0,0,0,0,0,0,0,0,0,0,0
1057,0,0,0,0,0,0,0,0,0,0,0,1
1058,0,0,0,0,0,0,0,0,0,0,0,0
1059,0,0,0,0,0,0,0,0,0,1,0,0
1060,0,0,0,0,1,0,0,0,0,0,0,0
1061,0,0,0,0,0,0,0,0,0,1,0,1
1062,0,0,0,0,0,0,0,0,0,0,0,0
1063,0,0,0,0,0,0,0,0,0,1,0,0
1064,0,0,0,0,0,0,0,0,0,0,0,1
1065,0,0,0,0,0,0,0,0,0,1,0,0
1066,0,0,0,0,0,0,0,0,0,1,0,0
1067,0,0,0,0,0,0,0,0,0,0,0,0
1068,0,0,0,0,0,0,0,0,0,0,0,0
1069,0,0,0,0,0,0,0,0,0,1,0,0
1070,0,0,0,0,0,0,0,0,0,1,0,0
1071,0,0,0,0,0,0,0,0,1,0,0,0
1072,0,0,0,0,0,0,0,0,0,0,0,0
1073,0,0,0,0,0,0,0,0,0,1,0,0
1074,0,0,0,0,0,0,0,0,0,1,0,0
1075,0,0,0,0,0,0,0,0,0,0,0,0
1076,0,0,0,0,0,0,0,0,0,0,0,1
1077,0,0,0,0,0,0,0,0,0,1,0,1
1078,0,0,0,0,0,0,0,0,0,1,0,0
1079,0,0,0,0,0,0,0,0,0,0,0,0
1080,0,0,0,0,0,0,0,0,0,0,0,0
1081,0,0,0,0,0,0,0,0,0,0,0,0
1082,0,0,0,0,0,0,0,0,0,0,0,1
1083,0,0,0,0,1,0,0,0,0,0,0,1
1084,0,0,0,0,0,0,0,0,0,0,0,0
1085,0,0,0,0,0,0,0,0,0,0,0,0
1086,0,0,0,0,0,0,0,0,0,0,0,0
1087,0,0,0,0,0,0,0,0,0,0,0,0
1088,0,0,0,0,0,0,0,0,0,0,0,0
1089,0,0,0,0,0,0,0,0,0,0,0,0
1090,0,0,0,0,0,0,0,0,1,1,0,0
1091,0,0,0,0,0,0,0,0,0,0,0,1
1092,0,0,0,0,0,0,0,0,0,0,0,0
1093,0,0,0,0,0,0,0,0,0,1,0,0
1094,0,0,0,0,0,0,0,0,1,0,0,1
1095,0,0,0,0,0,0,0,0,1,0,0,0
1096,0,0,0,0,0,0,0,0,0,1,0,0
1097,0,0,0,0,0,0,0,0,0,0,0,0
1098,0,0,0,0,0,0,0,0,0,0,0,0
1099,0,0,0,0,0,0,0,0,0,0,0,0
1100,0,0,0,0,0,0,0,0,0,0,0,1
1101,0,0,0,0,0,0,0,0,0,0,0,0
1102,0,0,0,0,0,0,0,0,0,0,0,1
1103,0,0,0,0,0,0,0,0,0,0,0,0
1104,0,0,0,0,0,0,0,0,0,0,0,0
1105,0,0,0,0,0,0,0,0,0,0,0,0
1106,0,0,0,0,0,0,0,0,0,0,0,0
1107,0,0,0,0,0,0,0,0,0,1,0,0
